1,1,2010,0,0,3748300
2,1,2010,0,0,3000008.38
3,1,2010,0,0,4465382.62
4,1,2010,0,0,3708691.98
5,1,2010,0,0,4734429.28
6,1,2010,0,0,3609187.15
7,1,2010,0,0,4959995.77
8,1,2010,0,0,3544639.14
9,1,2010,0,0,4261587.06
10,1,2010,0,0,4290943.88
11,1,2010,0,0,3216188.09
12,1,2010,0,0,4169446.1
13,1,2010,0,0,3501862.05
14,1,2010,0,0,3595347.5
15,1,2010,0,0,3527777.47
16,1,2010,0,0,3468373.07
17,1,2010,0,0,2893423.38
18,1,2010,0,0,4213148.3
19,1,2010,0,0,3715476.12
20,1,2010,0,0,4121747.43
21,1,2010,0,0,3816498.13
22,1,2010,0,0,3029192.52
23,1,2010,0,0,3725837.35
24,1,2010,0,0,3284436.54
25,1,2010,2.7814,0,3571047.95
26,1,2010,0,0,2224124.79
27,1,2010,0,4.572,3606991.56
28,1,2010,0,0,3765666.42
29,1,2010,0,0,2954468.3
30,1,2010,0,0,3695851.45
31,1,2010,0,0,2802503.56
1,2,2010,0,0,3007902.65
2,2,2010,0,0,3295648.87
3,2,2010,0,0,2889180.2
4,2,2010,0,0,3155278.84
5,2,2010,0,0,3139083.25
6,2,2010,0,0,2616938.83
7,2,2010,0,0,3221751.08
8,2,2010,0,0,3229731.7
9,2,2010,0,0,2475767.05
10,2,2010,0,0,3234455.93
11,2,2010,0,0,2796040.13
12,2,2010,0,0,2665747.64
13,2,2010,0,0,2073874.59
14,2,2010,0,0,3004374.9
15,2,2010,0,0,2711596.09
16,2,2010,0,0,2802614.58
17,2,2010,0,0,3164875.32
18,2,2010,0,0,4149710.42
19,2,2010,0,0,1857176.83
20,2,2010,0,0,1652184.79
21,2,2010,0,0,1821566.26
22,2,2010,0,0,1872508.98
23,2,2010,0,0,2724695.65
24,2,2010,0,0,4068313.08
25,2,2010,0,0,2583708.88
26,2,2010,0,0,2763673.61
27,2,2010,0,0,1991132.76
28,2,2010,0,0,1012970.78
1,3,2010,0,0,1261134.62
2,3,2010,0,0,1911548.63
3,3,2010,0,0,3031770.49
4,3,2010,0,0,4270702.47
5,3,2010,0,0,2552563.51
6,3,2010,0,0,2071629.66
7,3,2010,0,0,2159071.06
8,3,2010,0,0,2243811.13
9,3,2010,0,0,3341003.93
10,3,2010,0,0,3224279.72
11,3,2010,0,0,3704498.15
12,3,2010,0,0,1024244.79
13,3,2010,0,0,2537465.72
14,3,2010,0,0,1768489.62
15,3,2010,0,0,2273254.3
16,3,2010,0,0,2028531.87
17,3,2010,0,0,2023203.24
18,3,2010,0,0,2171467.53
19,3,2010,0,0,2645037.51
20,3,2010,0,0,1946764.48
21,3,2010,0,0,2006452.58
22,3,2010,0,0,1933405.89
23,3,2010,0,0,2436949.43
24,3,2010,0,0,1894958.32
25,3,2010,0,0,2002752.14
26,3,2010,0,0,1842658.77
27,3,2010,0,0,1503192.74
28,3,2010,0,0,1707099.32
29,3,2010,0,0,2038794.42
30,3,2010,1.794,0,625744.4
31,3,2010,0.018,2.54,2779186.68
1,4,2010,0,0,2615952.05
2,4,2010,0,0,2555264.83
3,4,2010,0,0,1695171.56
4,4,2010,0,0,2125273.71
5,4,2010,0,0,1704644.69
6,4,2010,0,0,2097039.35
7,4,2010,0,0,997885.32
8,4,2010,0,0,2300292.18
9,4,2010,0,0,2170776.78
10,4,2010,0,0,1006877.39
11,4,2010,0,0,2092228.78
12,4,2010,0,0,1993920.42
13,4,2010,0,0,1090260.64
14,4,2010,0,0,2479418.15
15,4,2010,0,0,1547499.34
16,4,2010,0,0,1579446.47
17,4,2010,0,0,902784.01
18,4,2010,0,0,1510272.91
19,4,2010,0,0,1634225.32
20,4,2010,0,0,1279834.18
21,4,2010,0,0,1688251.74
22,4,2010,0,0,1552198.9
23,4,2010,0,0,1568332.82
24,4,2010,0,0,1619892.28
25,4,2010,0,0,1689448.22
26,4,2010,0,0,1750332.79
27,4,2010,0,0,1797254.37
28,4,2010,0,0,1221626.26
29,4,2010,0,0,1231222.73
30,4,2010,0,0,1263922.29
1,5,2010,1.0702,0,1893872.86
2,5,2010,0,0,753643.95
3,5,2010,0,0,832438.65
4,5,2010,0,0,1320637.7
5,5,2010,0,0,1791469.35
6,5,2010,0,0,1435104.64
7,5,2010,0,0,1256225.37
8,5,2010,0,0,1409546.94
9,5,2010,0,0,1450276.44
10,5,2010,0,0,1181476.48
11,5,2010,0,0,1429553.98
12,5,2010,0.80919,0,920743.48
13,5,2010,0,0,1527134.58
14,5,2010,0,0,994480.92
15,5,2010,0,0,954417.48
16,5,2010,0,0,971155.81
17,5,2010,3.9416,0,1256731.1
18,5,2010,0,0,835102.96
19,5,2010,20.465,0,1596160.12
20,5,2010,0.78309,26.416,1279344.9
21,5,2010,28.322,2.54,1856506.64
22,5,2010,7.4655,43.18,2297113.92
23,5,2010,19.421,25.908,3218062.98
24,5,2010,17.437,3.302,2777465.98
25,5,2010,15.923,10.16,6208692.8
26,5,2010,0,17.272,4883326.76
27,5,2010,0,0,4539132.39
28,5,2010,3.8894,0,2426292.16
29,5,2010,0,2.54,2320985.87
30,5,2010,1.9316,0,2333842.84
31,5,2010,0,1.27,2204448.73
1,6,2010,0,0,2540820.78
2,6,2010,1.1725,0,2418558.24
3,6,2010,13.221,0,2168174.14
4,6,2010,12.534,17.78,1863130.42
5,6,2010,46.132,3.81,1803834.98
6,6,2010,5.62,33.02,2521858.08
7,6,2010,0,0,2820352.02
8,6,2010,0.6469,0,3921356.27
9,6,2010,0,0,1614859.68
10,6,2010,6.9138,0,3385248.86
11,6,2010,32.749,0,1965908.09
12,6,2010,10.795,0,3463476.16
13,6,2010,2.4663,8.89,2356882.19
14,6,2010,0,0,3458184.53
15,6,2010,1.5364,7.112,3357528.45
16,6,2010,0.6469,0,5167306.75
17,6,2010,2.7898,1.016,5680738.69
18,6,2010,3.3962,0,6232540.08
19,6,2010,3.2749,0,5237134.05
20,6,2010,2.7898,6.096,4121932.45
21,6,2010,2.2642,13.462,3942187.69
22,6,2010,14.596,0,4147724.52
23,6,2010,5.7817,9.144,6648309.18
24,6,2010,0.84906,0,5918039.68
25,6,2010,3.0728,0,4697165.85
26,6,2010,2.1024,3.302,5846240.87
27,6,2010,1.9811,0,6021676.67
28,6,2010,0,0,6117777.1
29,6,2010,0,53.34,5444432.7
30,6,2010,10.755,0,5294515.54
1,7,2010,19.797,0,4805823.1
2,7,2010,24.948,0.762,4857450.41
3,7,2010,27.928,3.556,7368221.56
4,7,2010,17.322,11.43,8163497.51
5,7,2010,6.2623,10.16,12073162.45
6,7,2010,3.2321,0,11370995.73
7,7,2010,0,2.032,9764712.85
8,7,2010,11.616,0,7026679.17
9,7,2010,4.9492,0,7307764.59
10,7,2010,0,0,6562730.34
11,7,2010,9.5954,0,7335369.88
12,7,2010,5.6563,33.528,7005413.98
13,7,2010,3.6362,10.922,8382423.77
14,7,2010,0,0,8560129.17
15,7,2010,10.858,0,6536716.25
16,7,2010,1.4141,0,6546855.45
17,7,2010,0.80804,4.064,7060867.13
18,7,2010,10.706,0.508,5981654.36
19,7,2010,10.302,0,6804430.75
20,7,2010,0,5.08,7475102.6
21,7,2010,4.6462,0,7082605.16
22,7,2010,14.09,2.286,7522778.66
23,7,2010,9.1409,47.244,13397035.97
24,7,2010,0.75753,7.62,18007389.5
25,7,2010,1.4646,8.636,19892438.86
26,7,2010,0,5.334,8206126.58
27,7,2010,12.878,0,16601863.71
28,7,2010,10.151,2.794,13784840.03
29,7,2010,23.332,5.588,15639547.84
30,7,2010,1.4646,17.018,18420767.71
31,7,2010,7.9794,7.112,16136344.24
1,8,2010,2.3583,6.604,24430814.72
2,8,2010,5.293,0,23221186.11
3,8,2010,0,0,18258476.69
4,8,2010,1.8866,0,16601691.02
5,8,2010,1.939,0,15302552.88
6,8,2010,4.1401,0,12649966.47
7,8,2010,19.128,8.89,11664808.61
8,8,2010,32.754,1.778,12313598.53
9,8,2010,29.505,11.43,15880308.74
10,8,2010,6.2888,0.254,15544699.39
11,8,2010,14.097,0.508,15377527.91
12,8,2010,5.0834,9.398,16715543.28
13,8,2010,3.1444,0,17990293.47
14,8,2010,4.2973,18.796,13867908.74
15,8,2010,7.5989,0.508,17855774.25
16,8,2010,12.84,0,16073107.84
17,8,2010,21.853,0.254,12975927.96
18,8,2010,19.443,25.654,21235009.89
19,8,2010,4.507,0.508,30775206.76
20,8,2010,0,0,25501828.96
21,8,2010,7.861,0,19164171.71
22,8,2010,18.814,19.812,19729043.88
23,8,2010,10.796,19.05,20055638.54
24,8,2010,0,2.54,20934100.39
25,8,2010,22.22,0,16642383.53
26,8,2010,6.0791,0,17560043.31
27,8,2010,17.923,0,17577904.1
28,8,2010,7.6513,74.93,17773079.69
29,8,2010,4.9786,1.778,19774425.66
30,8,2010,1.415,7.112,20332778.89
31,8,2010,9.3127,1.27,17202282.71
1,9,2010,5.6175,4.064,23187002.27
2,9,2010,2.2537,0,22915258.4
3,9,2010,2.8256,0,19246222.8
4,9,2010,0,6.604,23081313.59
5,9,2010,0,4.572,19606904.69
6,9,2010,3.0274,0,16977248.68
7,9,2010,0,0,16047759.82
8,9,2010,6.8285,0,16937135.91
9,9,2010,29.568,0,17087620.47
10,9,2010,10.226,7.62,21122321.21
11,9,2010,3.8684,29.972,31667053.92
12,9,2010,0,25.4,30641476.97
13,9,2010,0,0,28442568.62
14,9,2010,0.90823,0,25470461.56
15,9,2010,8.3086,0,24991192.91
16,9,2010,8.645,0,24774199.1
17,9,2010,12.951,6.35,31819863.59
18,9,2010,10.394,2.54,26074591.28
19,9,2010,5.1466,22.352,32434253.81
20,9,2010,0,0,28063927.27
21,9,2010,25.834,0,20001161.9
22,9,2010,2.8592,7.62,24036491.72
23,9,2010,30.14,0,21988964.26
24,9,2010,2.7247,6.35,26334565.69
25,9,2010,35.925,7.62,26369631.48
26,9,2010,0,5.334,28766585.32
27,9,2010,19.275,0,29603840.7
28,9,2010,19.947,82.55,30626052.31
29,9,2010,7.5685,0,28029747.54
30,9,2010,4.3393,0,27388288.6
1,10,2010,35.849,5.588,16029265.85
2,10,2010,0,0,19371482.7
3,10,2010,0,0,20083114.31
4,10,2010,0,0,17654996.6
5,10,2010,6.4474,0,17434105
6,10,2010,5.1657,0,17667121.71
7,10,2010,0,19.05,15244363.46
8,10,2010,5.5929,0,15236265.66
9,10,2010,5.321,17.272,15350465.35
10,10,2010,30.411,0.762,15921321.95
11,10,2010,8.1952,6.604,25680625.99
12,10,2010,1.9808,7.62,32819720.42
13,10,2010,15.497,15.748,25594578.43
14,10,2010,0,4.826,23332583.74
15,10,2010,4.35,0,8567468.38
16,10,2010,0,21.336,24620236.13
17,10,2010,0,0,17360083.86
18,10,2010,0,0,15873703.46
19,10,2010,18.993,0,12739171.75
20,10,2010,22.527,18.288,16183627.64
21,10,2010,9.8264,8.89,20651105.13
22,10,2010,1.0098,7.112,30671228.51
23,10,2010,5.088,0,18033724.3
24,10,2010,2.3304,8.128,12240615.58
25,10,2010,0.85447,0,24326445.86
26,10,2010,32.975,0,17568776.34
27,10,2010,2.2527,17.018,21635389.27
28,10,2010,0,0,18545667.84
29,10,2010,6.4862,0,19150628.1
30,10,2010,0,0,18141111.06
31,10,2010,0,0,20106612.11
1,11,2010,0,0,16627544.76
2,11,2010,0,0,15493335.23
3,11,2010,0,0,15814619.77
4,11,2010,0,0,14938614.61
5,11,2010,0,0,14464933.62
6,11,2010,0,0,12322329.52
7,11,2010,0,0,12305122.47
8,11,2010,0,0,10311436.41
9,11,2010,0,0,13359649.19
10,11,2010,0,0,14516715.11
11,11,2010,0,0,8047063.17
12,11,2010,0,0,7778139.86
13,11,2010,0,0,13686472.05
14,11,2010,0,0,9692562.49
15,11,2010,0,0,9494934.33
16,11,2010,0,0,9762821.51
17,11,2010,0,0,11324370.19
18,11,2010,0,0,8816199.62
19,11,2010,0,0,7922814.73
20,11,2010,0,0,8768895.66
21,11,2010,0,0,9200687.67
22,11,2010,0,0,6776381.41
23,11,2010,0,0,8133049.06
24,11,2010,0,0,8329234.05
25,11,2010,0,0,9328969.59
26,11,2010,0,0,6842557.61
27,11,2010,0,0,9018009.28
28,11,2010,0,0,8530760.01
29,11,2010,0,0,5921037.04
30,11,2010,0,0,6772841.32
1,12,2010,0,0,7067717.05
2,12,2010,0,0,7126455.37
3,12,2010,0,0,5565363.08
4,12,2010,0,0,7785849.11
5,12,2010,0,0,7248754.91
6,12,2010,0,0,5629319.02
7,12,2010,0,0,6015459.93
8,12,2010,0,0,4733171.13
9,12,2010,0.15268,0,7781026.2
10,12,2010,2.0867,6.096,6318044.91
11,12,2010,0,3.556,5919560.98
12,12,2010,0,5.334,4725653.07
13,12,2010,0,0,5977431.75
14,12,2010,0,0,13004345.28
15,12,2010,0,0,6009341.87
16,12,2010,0,0,7506872.94
17,12,2010,0,0,6147294.28
18,12,2010,0,0,4870297.1
19,12,2010,0,0,3723567.75
20,12,2010,0,0,7545258.83
21,12,2010,0,0,6575792.89
22,12,2010,0,0,6651861.6
23,12,2010,0,0,4086408.23
24,12,2010,0,0,5080013.37
25,12,2010,0,0,5524485.55
26,12,2010,0,0,4178339.49
27,12,2010,0,0,5496695.25
28,12,2010,0,0,5024827.48
29,12,2010,0,0,6252325.1
30,12,2010,0,0,4989031.89
31,12,2010,0,0,4368258.41
1,1,2011,0,0,4335595.86
2,1,2011,0,0,3819606.5
3,1,2011,0,0,5712788.61
4,1,2011,0,0,4552009.92
5,1,2011,0,0,5388876.76
6,1,2011,0,0,3819261.13
7,1,2011,2.108,0,4405127.12
8,1,2011,1.2534,0,4287132.43
9,1,2011,0,0,6313542.71
10,1,2011,2.6208,0,4404633.73
11,1,2011,0,41.148,6926656.28
12,1,2011,0,0,5529382.47
13,1,2011,0,0,5347061.79
14,1,2011,0,0,4868730.58
15,1,2011,0,0,4183298.08
16,1,2011,0,0,3615477.9
17,1,2011,0,0,4616878.64
18,1,2011,0,0,3902200.32
19,1,2011,0,0,4489509.49
20,1,2011,0,0,4218612.61
21,1,2011,0,0,4139941.26
22,1,2011,0,0,4017481.36
23,1,2011,0,0,4263622.3
24,1,2011,0,0,2291485.14
25,1,2011,0,0,3852824.12
26,1,2011,0,0,4461904.21
27,1,2011,0,0,2478036.65
28,1,2011,0,0,3842105.18
29,1,2011,0,0,5191470.62
30,1,2011,0,0,3460947.52
31,1,2011,0,0,4631273.35
1,2,2011,0,0,1840080.79
2,2,2011,0,0,1192775.16
3,2,2011,0,0,4162365.93
4,2,2011,0,0,4327565.9
5,2,2011,0,0,2713199.61
6,2,2011,0,0,4791292.71
7,2,2011,0,0,4216688.38
8,2,2011,0,0,4107624.08
9,2,2011,0,0,2582278.05
10,2,2011,0,0,1734803.28
11,2,2011,0,0,3235010.99
12,2,2011,0,0,3418318.45
13,2,2011,0,0,1086436.85
14,2,2011,0,0,3169944.92
15,2,2011,0,0,5119731.43
16,2,2011,0,0,3208343.15
17,2,2011,0.216,0,365011.4
18,2,2011,0,1.27,4962892.39
19,2,2011,0,0,3402850.62
20,2,2011,0,0,3810367.74
21,2,2011,0,0,2348286.89
22,2,2011,0,0,1049420.11
23,2,2011,0,0,1823441.15
24,2,2011,0,0,3812439.98
25,2,2011,0,0,3923847.9
26,2,2011,0,0,3506660.29
27,2,2011,0,0,3300533.45
28,2,2011,0.936,0,1626059.68
1,3,2011,0,0,1241226.25
2,3,2011,0,0,3589661.16
3,3,2011,0,0,1580087.88
4,3,2011,0,0,2836288.58
5,3,2011,0,0,2622045.44
6,3,2011,0,0,2919363.46
7,3,2011,0,0,2319337.11
8,3,2011,0,0,3421402.15
9,3,2011,0,0,3236762.53
10,3,2011,0,0,1914829.68
11,3,2011,0,0,2052128.34
12,3,2011,0.31998,0,2398995.25
13,3,2011,0,0,1886262.29
14,3,2011,0.85327,0,2962559.93
15,3,2011,10.737,0,2418336.22
16,3,2011,34.095,0,1966401.48
17,3,2011,0,3.302,2864562
18,3,2011,0,0,2437430.49
19,3,2011,0,0,2901601.35
20,3,2011,0,0,2351962.66
21,3,2011,0,0,2445189.08
22,3,2011,0,0,2766498.28
23,3,2011,0,0,1808306.35
24,3,2011,0,0,2196630.52
25,3,2011,0,0,2392642.83
26,3,2011,0,0,2695696.53
27,3,2011,34.486,0,2154075.46
28,3,2011,13.19,28.956,1573612.11
29,3,2011,0,40.386,4347949.16
30,3,2011,0,2.286,4966884.75
31,3,2011,0,0,3315051.51
1,4,2011,0,0.508,2423298.92
2,4,2011,0,0,2556263.95
3,4,2011,0,0,2293138
4,4,2011,0,0,2264508.93
5,4,2011,0,0,2077476.36
6,4,2011,0,0,3422068.23
7,4,2011,0,0,2679315.92
8,4,2011,0,0,4458586.15
9,4,2011,0,0,3522115.8
10,4,2011,0,0,2140618.2
11,4,2011,0,0,1438731.07
12,4,2011,35.314,0,1354126.68
13,4,2011,0,12.446,1181577.22
14,4,2011,0,0,2679093.89
15,4,2011,0,0,2601865.71
16,4,2011,0,0,1852748.63
17,4,2011,0,0,1884177.7
18,4,2011,0.27679,0,1464658.82
19,4,2011,0,0,1880686.96
20,4,2011,1.2225,0,1361280.86
21,4,2011,0,0,4305943
22,4,2011,0,0,1317961.05
23,4,2011,0,0,1460082.61
24,4,2011,3.1139,0,6009773.59
25,4,2011,2.3988,12.7,596959.09
26,4,2011,2.0759,1.524,8904886.83
27,4,2011,10.956,0.762,2118014.68
28,4,2011,1.9606,5.334,1976756.55
29,4,2011,6.2047,0,8544093.93
30,4,2011,4.7746,9.398,1852232.63
1,5,2011,14.701,25.4,10845405.79
2,5,2011,26.535,27.94,6285460.48
3,5,2011,1.6963,9.906,6309811.43
4,5,2011,0,5.842,5256398.96
5,5,2011,2.1809,11.938,3775939.26
6,5,2011,2.6656,0,4602360.58
7,5,2011,1.4943,7.366,4014000.9
8,5,2011,0,0,3966822.34
9,5,2011,1.8982,0,2826692.11
10,5,2011,0,0,3653752.78
11,5,2011,21.769,0,6056781.51
12,5,2011,0,21.082,2853666.26
13,5,2011,2.8675,0,3018547.59
14,5,2011,0.36349,0,1888174.18
15,5,2011,1.8174,0,5842081.98
16,5,2011,8.3198,0,4043766.82
17,5,2011,13.126,0,3792630.3
18,5,2011,3.0695,5.588,3362178.67
19,5,2011,0.72698,0,2882124.7
20,5,2011,5.2908,0,4694193.16
21,5,2011,7.9967,13.716,4255555.34
22,5,2011,0,0,4294977.36
23,5,2011,0,0,4199086.62
24,5,2011,0,1.27,3432538.42
25,5,2011,0,0,3105273.57
26,5,2011,3.231,0,2391298.34
27,5,2011,36.268,0,3107937.88
28,5,2011,8.0371,0,5783713.71
29,5,2011,0,4.826,7364802.77
30,5,2011,11.632,0,5797183.31
31,5,2011,0,2.54,5912447.91
1,6,2011,0,0,5288471.49
2,6,2011,4.6743,0,4718924.44
3,6,2011,0,0,4588940.31
4,6,2011,0,0,4955333.21
5,6,2011,33.604,0,4930404.58
6,6,2011,0,31.496,5136354.63
7,6,2011,5.1796,0.508,6542135.34
8,6,2011,10.359,2.54,5517709.64
9,6,2011,1.5581,7.112,6612225.78
10,6,2011,0,11.938,7339981.04
11,6,2011,0,0.762,7271950.5
12,6,2011,0,0,5470878.51
13,6,2011,0.042111,7.366,7728588.91
14,6,2011,5.0533,0,5802906.66
15,6,2011,3.2425,3.81,5925113.69
16,6,2011,6.9904,1.524,6129889.87
17,6,2011,0.042111,13.97,6889703.27
18,6,2011,1.3054,4.064,9514160.17
19,6,2011,0,0.254,11727128.13
20,6,2011,0,11.684,13193692.68
21,6,2011,0,0,12532896.89
22,6,2011,0,0,10542997.61
23,6,2011,3.3689,0.254,9352753.14
24,6,2011,10.022,0,9164818.07
25,6,2011,0,45.466,10618028.15
26,6,2011,46.659,0.508,9650948.99
27,6,2011,11.454,5.08,13957225.03
28,6,2011,18.023,3.81,13619302.9
29,6,2011,11.917,10.16,20311600.04
30,6,2011,4.4637,3.302,26130289.07
1,7,2011,0,0.508,19476307.94
2,7,2011,0,0,17299618.67
3,7,2011,17.135,0,16448998.53
4,7,2011,5.4807,0,18143133.97
5,7,2011,0.062996,0,12141834.39
6,7,2011,0.37798,0,13868077.31
7,7,2011,3.4018,0,13208769.92
8,7,2011,0,5.08,12040113.4
9,7,2011,39.94,0,13246304.72
10,7,2011,14.741,3.556,9719616.82
11,7,2011,7.9375,0,7507748.71
12,7,2011,4.3467,0,18653498.66
13,7,2011,3.3388,0,14702514.2
14,7,2011,3.8428,0,11574704.95
15,7,2011,0,5.334,12238718.08
16,7,2011,0,0,11775663.52
17,7,2011,0,0,12713626.38
18,7,2011,7.5595,0,12285571.81
19,7,2011,13.607,5.588,12767068.95
20,7,2011,15.182,17.78,17887540.47
21,7,2011,0,9.906,13039641.31
22,7,2011,3.2758,0,41170552.71
23,7,2011,4.0318,9.144,58699450.65
24,7,2011,11.087,0,43192633.48
25,7,2011,45.294,1.016,42334879.71
26,7,2011,0,0,31193278.36
27,7,2011,0,0,29028027.57
28,7,2011,6.9926,0,27714618.07
29,7,2011,0.56696,0,28409116.65
30,7,2011,0.31498,0,24802680.16
31,7,2011,9.0714,0,37016241.41
1,8,2011,15.367,7.112,16214867.58
2,8,2011,0,12.7,30947338.9
3,8,2011,5.1678,4.064,26105292.6
4,8,2011,9.157,0,24783869.59
5,8,2011,2.4479,4.826,37279838.14
6,8,2011,0,1.27,43946041.01
7,8,2011,1.6773,6.858,87407692.36
8,8,2011,5.6664,0,38153201.6
9,8,2011,9.2476,9.652,44323516.72
10,8,2011,1.1786,9.652,61870250.78
11,8,2011,1.6773,11.684,53487117.76
12,8,2011,7.7517,0.254,45252978.85
13,8,2011,0,9.652,45555960.6
14,8,2011,1.8133,0,51432094.86
15,8,2011,16.138,0,41040112.2
16,8,2011,20.399,17.526,42305878.54
17,8,2011,34.225,0.762,37957886.21
18,8,2011,2.3119,47.498,45636591.13
19,8,2011,15.73,0,42596517.26
20,8,2011,0,9.398,47019260.54
21,8,2011,1.9493,0,35957409.84
22,8,2011,0.81597,5.08,36141288.82
23,8,2011,0,15.24,46514839.17
24,8,2011,2.5839,0,47208930.7
25,8,2011,23.89,0,40283779.27
26,8,2011,55.259,3.302,42075990.76
27,8,2011,36.673,37.592,45226415.86
28,8,2011,6.7544,2.54,45353846.68
29,8,2011,29.964,0,41811074.2
30,8,2011,10.29,6.35,45279301.31
31,8,2011,7.1624,4.572,44001932.04
1,9,2011,8.6301,17.78,38302127.86
2,9,2011,3.989,2.54,46917479.93
3,9,2011,0,8.128,45398186.17
4,9,2011,7.863,0,45146157.43
5,9,2011,12.005,0,49540121.56
6,9,2011,5.6,0,50182653.62
7,9,2011,0,13.716,52177511.49
8,9,2011,5.3699,8.382,54085106.81
9,9,2011,14,1.27,61956674.56
10,9,2011,8.0164,0.762,67308308.45
11,9,2011,1.611,0.508,49650287.77
12,9,2011,4.7562,9.906,37472610.51
13,9,2011,13.31,5.334,46742656.76
14,9,2011,6.4822,8.636,43007471.68
15,9,2011,4.4493,19.558,45839445.14
16,9,2011,2.3014,8.636,44251867.98
17,9,2011,0,25.908,44830645.58
18,9,2011,0,0,52335162.57
19,9,2011,22.016,0,46019239.24
20,9,2011,4.8329,0,45311443.75
21,9,2011,10.395,0,45563011.99
22,9,2011,0,0,44461391.01
23,9,2011,0,0,44085685.33
24,9,2011,0,0,43857725.89
25,9,2011,0.19178,0,41032772.99
26,9,2011,10.088,0,41265629.35
27,9,2011,26.082,0,44609346.93
28,9,2011,70.038,13.208,45825356.74
29,9,2011,0,12.7,45963971.11
30,9,2011,0,2.54,44970407.09
1,10,2011,21.54,0.508,45724885.69
2,10,2011,2.0084,2.54,42465899.95
3,10,2011,0,0,40216838.31
4,10,2011,5.1717,0,44120962.86
5,10,2011,1.9833,6.096,29159232.84
6,10,2011,0,0,66660133.21
7,10,2011,11.373,0,35548511.22
8,10,2011,17.624,0,36140519.95
9,10,2011,1.6821,0,31696229.83
10,10,2011,4.5943,0,32923505.43
11,10,2011,16.318,0,32302460.58
12,10,2011,0,0,27707710.58
13,10,2011,3.7909,0,43780473.04
14,10,2011,0.075316,2.54,21936709.94
15,10,2011,45.39,0,27243256.02
16,10,2011,9.2638,0,28308538.69
17,10,2011,53.022,0,27171800.52
18,10,2011,13.959,25.908,30975421.13
19,10,2011,0.954,4.318,40475435.33
20,10,2011,5.8997,0,31698955.82
21,10,2011,2.1842,0.762,29992356.07
22,10,2011,0,29.21,35892099.13
23,10,2011,0,0,29735342.01
24,10,2011,0,0,29463520.02
25,10,2011,8.9124,0,29828038.03
26,10,2011,0,0,22931083.95
27,10,2011,0,0,13967076.42
28,10,2011,0,0,14412153.01
29,10,2011,0,0,19038566.44
30,10,2011,0,0,28003351.07
31,10,2011,0,0,13607739.03
1,11,2011,0,0,15243728.22
2,11,2011,0,9.652,21102120.92
3,11,2011,0,3.302,17129610.18
4,11,2011,0,0,18852064.27
5,11,2011,0,0,17061618.71
6,11,2011,0,0,16668089.25
7,11,2011,0,0,15042337.94
8,11,2011,0,0,15698068.24
9,11,2011,0,0,16820584.38
10,11,2011,0,0,13783411.25
11,11,2011,0,0,7499755.76
12,11,2011,0,0,10233813.52
13,11,2011,0,0,8120886.95
14,11,2011,0,0,17340927.92
15,11,2011,0,0,11256479.45
16,11,2011,0,0,12454015.84
17,11,2011,0,0,11181446.86
18,11,2011,0,0,10524298.06
19,11,2011,0,0,9636673.51
20,11,2011,0,0,9930402.11
21,11,2011,0,0,14080988.3
22,11,2011,0,0,11980038.82
23,11,2011,0,0,10282412.63
24,11,2011,0,0,11647702.3
25,11,2011,0,0,11916082.88
26,11,2011,0,0,11011164.95
27,11,2011,0,0,8665024.31
28,11,2011,0,0,7745292.29
29,11,2011,0,0,7028480.05
30,11,2011,0,0,9577774.84
1,12,2011,0,0,8812782.88
2,12,2011,0,0,8486774.12
3,12,2011,0.036,0,8412999.68
4,12,2011,0,0,8696823.43
5,12,2011,0,0,8487699.23
6,12,2011,0,0,6656709.18
7,12,2011,0,0,6842064.22
8,12,2011,0,0,10382743.89
9,12,2011,0,0,10340275.17
10,12,2011,0.252,0,6164390.31
11,12,2011,0.612,0,6305056.37
12,12,2011,0,7.62,7738286.12
13,12,2011,0,0,8718532.68
14,12,2011,0,0,13452949.62
15,12,2011,0,0,8085325.72
16,12,2011,0,0,6688372.61
17,12,2011,0,0,1838193.57
18,12,2011,0,0,8592495.69
19,12,2011,0,0,9170356.4
20,12,2011,0,0,10047175.66
21,12,2011,0,0,9739484.07
22,12,2011,0,0,4098360.65
23,12,2011,0.006,0,5934753.34
24,12,2011,0,0,5708582.44
25,12,2011,0,0,6205391.18
26,12,2011,0.468,0,6600400.82
27,12,2011,1.596,0,7244918.79
28,12,2011,0,0,7517678.22
29,12,2011,0,0,7434183.96
30,12,2011,0,0,7662871.15
31,12,2011,0,0,5788215.91
1,1,2012,0,0,6010649.36
2,1,2012,0,0,6640760.28
3,1,2012,0,0,8631066.61
4,1,2012,0,0,3771167.74
5,1,2012,0,0,3886892.84
6,1,2012,0,0,6628783.19
7,1,2012,0,0,5897070.52
8,1,2012,0,0,5429273.23
9,1,2012,0,0,8600809.34
10,1,2012,0,0,5467967.5
11,1,2012,0,0,6048665.22
12,1,2012,0,0,5760092.57
13,1,2012,0,0,4287329.78
14,1,2012,0,4.572,3124787.22
15,1,2012,0,0,8828990.81
16,1,2012,0,0,6503103.92
17,1,2012,0,0,4112607.34
18,1,2012,0,0,4969616.91
19,1,2012,0,0,5632020.34
20,1,2012,0,0,4172603.81
21,1,2012,0,0,4695241.62
22,1,2012,0,0,6431685.42
23,1,2012,0,0,5852998.28
24,1,2012,0,0,3461749.29
25,1,2012,0,0,4489053.1
26,1,2012,0,0,5637126.95
27,1,2012,0,0,3670824.15
28,1,2012,0,0,3668073.48
29,1,2012,0,0,5352131.39
30,1,2012,0,0,4127766.81
31,1,2012,0,0,4593146.48
1,2,2012,0,0,5254575.46
2,2,2012,0,0,4824127.95
3,2,2012,0,0,4910730.58
4,2,2012,0,0,4546237.24
5,2,2012,0,0,3586084.07
6,2,2012,0,0,3662473.49
7,2,2012,0,0,3319245.34
8,2,2012,0,0,2871233.07
9,2,2012,0,0,3163432.15
10,2,2012,0,0,6981496.8
11,2,2012,0,0,3372260.31
12,2,2012,0,0,3557862.05
13,2,2012,0,0,2936101.78
14,2,2012,0,0,5762892.57
15,2,2012,0,0,3566952.79
16,2,2012,0,0,4091144.79
17,2,2012,0,0,3305541.38
18,2,2012,0,0,3819507.82
19,2,2012,0,0,2982727.33
20,2,2012,0,0,4135624.08
21,2,2012,0,0,3976542.16
22,2,2012,0,0,3006915.87
23,2,2012,0,0,3748484.05
24,2,2012,0,0,3350107.01
25,2,2012,0,0,5382277.65
26,2,2012,0,0,867580.49
27,2,2012,0,0,3285250.63
28,2,2012,0,0,3333837.41
29,2,2012,0,NaN,3045314.1
1,3,2012,0,0,4458117.42
2,3,2012,0,0,2551823.42
3,3,2012,0.006,0,3642454.11
4,3,2012,0,0,4222325.39
5,3,2012,0,0,3156783.69
6,3,2012,0,0,3929201.2
7,3,2012,0,0,4223349.18
8,3,2012,0,0,3101511.45
9,3,2012,0,0,3299571.33
10,3,2012,0,0,2294766.19
11,3,2012,0,0,2970392.53
12,3,2012,0,0,3589056.76
13,3,2012,0,0,3873965.97
14,3,2012,0,0,2322100.11
15,3,2012,0,0,2819118.54
16,3,2012,0,0,3070908.81
17,3,2012,0,0,3135308.8
18,3,2012,0,0,2403793.49
19,3,2012,0,0,2742470.09
20,3,2012,0,0,2710633.97
21,3,2012,0,0,1289603.34
22,3,2012,0,0,3932457.59
23,3,2012,0,0,1973617.34
24,3,2012,0,0,2578293.9
25,3,2012,0,0,3191037.43
26,3,2012,0,0,1082082.66
27,3,2012,0,0,2193781.18
28,3,2012,0,0,3402431.23
29,3,2012,0,0,1335414.79
30,3,2012,0,0,2150399.69
31,3,2012,0,0,2860489.46
1,4,2012,0,0,2426847.23
2,4,2012,41.315,0,1403157.51
3,4,2012,0,15.748,2604324.44
4,4,2012,0.18708,0,3426841.8
5,4,2012,0,0,3054158.15
6,4,2012,54.255,0,2688443.67
7,4,2012,0,13.716,2801788.15
8,4,2012,0,0,2586484.21
9,4,2012,0,0,2058406.75
10,4,2012,0,0,3682209.17
11,4,2012,0,0,2278311.57
12,4,2012,0,0,3599738.69
13,4,2012,0.6548,0,2076107.19
14,4,2012,0,0,2727026.92
15,4,2012,0,0,2725497.41
16,4,2012,0,0,3263664.73
17,4,2012,0,0,2441056.92
18,4,2012,0,0,2574507.12
19,4,2012,0,0,954442.15
20,4,2012,0,0,4465518.3
21,4,2012,0,0,2212875.45
22,4,2012,0,0,1762544.24
23,4,2012,0,0,1710590.06
24,4,2012,0,0,1699538.08
25,4,2012,0,0,2354713.32
26,4,2012,0,0,289411.41
27,4,2012,6.7351,0,3304431.25
28,4,2012,0.18708,2.286,1577787.44
29,4,2012,0,0.762,1925764.48
30,4,2012,0,0,3239846.23
1,5,2012,0,0,349494.22
2,5,2012,0,0,4765870.68
3,5,2012,2.4507,0,2265088.66
4,5,2012,19.652,0,1611220.92
5,5,2012,17.386,2.54,2848076.54
6,5,2012,3.2368,0,2996320.28
7,5,2012,34.911,10.16,1198001
8,5,2012,0,0.508,2573117.4
9,5,2012,0,0,4508616.1
10,5,2012,0,0,2291670.16
11,5,2012,0,0,2984355.52
12,5,2012,0,0,2391187.32
13,5,2012,0,0,2737832.21
14,5,2012,0,0,1862098.41
15,5,2012,15.305,0,2427969.7
16,5,2012,26.634,0,1735469.36
17,5,2012,0,23.368,1723928.09
18,5,2012,2.1733,0,2084137.15
19,5,2012,4.439,0,3035248.91
20,5,2012,10.126,0,854801.64
21,5,2012,10.959,0,3322563.4
22,5,2012,0,0,1334551.35
23,5,2012,19.097,0,2869604.88
24,5,2012,27.328,0,3222293.81
25,5,2012,0,0,3619523.71
26,5,2012,10.589,0,2422776.75
27,5,2012,5.9649,0,2363212
28,5,2012,13.779,0,2589863.95
29,5,2012,35.836,0,2867594.3
30,5,2012,0,5.588,3348524.04
31,5,2012,1.2022,1.27,4031689
1,6,2012,5.283,1.524,3154119.37
2,6,2012,3.1485,5.08,3295578.97
3,6,2012,6.3503,10.414,3959604.43
4,6,2012,14.568,12.192,4882212.52
5,6,2012,6.457,17.272,3551600.08
6,6,2012,3.6287,0,3669973.04
7,6,2012,51.069,0,2311960.9
8,6,2012,26.042,0,4222695.43
9,6,2012,23.32,1.016,3527341.64
10,6,2012,0,1.524,5143303.23
11,6,2012,0,1.27,5001450.97
12,6,2012,16.863,0,5216386.92
13,6,2012,11.9,0,4449273.37
14,6,2012,24.387,10.414,5646240.31
15,6,2012,0,36.83,9664391.86
16,6,2012,0,10.922,11771977.47
17,6,2012,0,0,10644562.36
18,6,2012,0,0,8027833.21
19,6,2012,0,5.588,6490061.92
20,6,2012,0,0,7219620.11
21,6,2012,4.0556,0,8391413.78
22,6,2012,6.5104,5.08,10897910.92
23,6,2012,12.06,0.254,11859147.5
24,6,2012,5.8166,18.288,9116490.33
25,6,2012,8.805,0,8730620.78
26,6,2012,6.9907,5.334,8765127.38
27,6,2012,0,23.876,10937842.78
28,6,2012,0,0,25357388.45
29,6,2012,4.696,7.62,12546206.14
30,6,2012,0,0.254,10867182.88
1,7,2012,5.3457,0.762,10363150.06
2,7,2012,0,0,8767723.86
3,7,2012,21.768,0,8385641.09
4,7,2012,2.01,13.716,7865445.57
5,7,2012,9.2373,3.81,9565520.22
6,7,2012,0.21383,0,8050233.21
7,7,2012,0,0,8085868.45
8,7,2012,0,0,7812196.24
9,7,2012,8.0399,0,8450263.11
10,7,2012,10.007,5.08,8121729.82
11,7,2012,0,0,9166680.63
12,7,2012,2.9081,0,9236236.57
13,7,2012,9.0235,0,8143237.6
14,7,2012,6.7997,0,7467857.96
15,7,2012,0,0,5589058.23
16,7,2012,0,0,15169263.03
17,7,2012,36.778,0,9818093.75
18,7,2012,15.31,23.114,9864881.7
19,7,2012,1.6679,0.762,14320252.58
20,7,2012,0,0.508,17081259.82
21,7,2012,8.8952,0,18484240.53
22,7,2012,8.6814,25.146,15029281.55
23,7,2012,36.992,25.654,18465748.61
24,7,2012,33.443,39.624,34962854.92
25,7,2012,3.2929,19.05,42922236.16
26,7,2012,50.72,5.588,86631539.46
27,7,2012,50.805,12.192,24606507.5
28,7,2012,18.304,9.906,49362025.55
29,7,2012,1.6251,12.7,82414871.63
30,7,2012,2.9081,5.588,62297063.64
31,7,2012,1.283,2.286,52366067.41
1,8,2012,0,9.398,45579974.4
2,8,2012,0,1.27,52382896.19
3,8,2012,0,1.27,47266433.48
4,8,2012,0,8.382,46726683.19
5,8,2012,0,9.652,49912069.23
6,8,2012,8.6687,0,46964862.01
7,8,2012,2.5115,4.572,38781746
8,8,2012,9.5194,0,39032746.85
9,8,2012,25.601,0,35215434.62
10,8,2012,0,9.652,39401388.79
11,8,2012,0,5.842,44908661.13
12,8,2012,6.8054,0,42749505.79
13,8,2012,0,12.954,35032380.02
14,8,2012,0,8.128,35574406.08
15,8,2012,0,0,35677496.22
16,8,2012,2.8761,0,48074525.29
17,8,2012,4.1723,0,22990957.07
18,8,2012,5.266,0,26500898.42
19,8,2012,28.72,0,30879752.42
20,8,2012,18.755,12.7,35100034.34
21,8,2012,1.3368,7.366,43318779.42
22,8,2012,22.482,0,43318177.07
23,8,2012,36.7,4.064,46868671.13
24,8,2012,4.4559,0,49584366.48
25,8,2012,15.92,5.334,52161655.1
26,8,2012,1.5393,0,43352554.16
27,8,2012,0,1.524,46426620.68
28,8,2012,7.8991,0,45114901.04
29,8,2012,10.532,0,45242023.49
30,8,2012,0,0.508,42060685.33
31,8,2012,0,0,40529685.84
1,9,2012,0,0,40144297.35
2,9,2012,0,0,40063060.36
3,9,2012,30.436,0,12386667.83
4,9,2012,13.997,43.18,31499345.87
5,9,2012,15.938,10.668,55401075.79
6,9,2012,18.662,19.304,50008087.42
7,9,2012,1.8788,1.27,49316711.6
8,9,2012,8.2665,0,39918484.17
9,9,2012,11.836,6.35,31601278.6
10,9,2012,0,2.286,38345038.58
11,9,2012,7.0453,0,35230162.37
12,9,2012,0,0,33663667.44
13,9,2012,0,0,34137126.4
14,9,2012,11.085,0,24242618.56
15,9,2012,15.938,8.128,34458785.09
16,9,2012,8.2978,15.494,32354404.48
17,9,2012,0,7.112,21654699.4
18,9,2012,0.18788,0,23304803.72
19,9,2012,3.7262,0,21694816.28
20,9,2012,0.093938,0,20476261.39
21,9,2012,0,0,15052477.14
22,9,2012,4.2272,0,21623570.48
23,9,2012,1.6596,0,14970561.74
24,9,2012,8.7049,0,9869270.84
25,9,2012,7.2958,0,16097777.44
26,9,2012,23.297,0,14466426.13
27,9,2012,7.515,0,11514979.85
28,9,2012,4.509,0,15688434.76
29,9,2012,0,0,14293085.18
30,9,2012,0,10.16,11287188.99
1,10,2012,10.766,0,4488954.42
2,10,2012,0,0,8281510.71
3,10,2012,6.6899,0,13787037.68
4,10,2012,0,4.064,10461053.42
5,10,2012,2.7178,0,9217820.71
6,10,2012,9.0418,0,9394479.72
7,10,2012,10.192,1.27,10772842.22
8,10,2012,0,3.81,11850763.95
9,10,2012,5.8536,0,9986673.46
10,10,2012,0,1.524,10862530.61
11,10,2012,10.296,0,7800268.49
12,10,2012,0,0,8699685.1
13,10,2012,0,0,8947774.93
14,10,2012,44.948,0,9133623.36
15,10,2012,3.554,0,10097884.02
16,10,2012,0,0.508,9564901.42
17,10,2012,9.9825,0,9016615.45
18,10,2012,1.9861,29.464,13221873.59
19,10,2012,19.442,0,10601254.87
20,10,2012,2.8746,3.048,11121302.38
21,10,2012,3.6063,0,10596629.32
22,10,2012,0,0,9131822.48
23,10,2012,0,0,10559452.24
24,10,2012,0,0,10008937.78
25,10,2012,0,0,9203931.72
26,10,2012,0,0,10500923.61
27,10,2012,3.9198,0,11540315.53
28,10,2012,0,0,10152823.22
29,10,2012,0,0,9352849.77
30,10,2012,0,0,9413549.32
31,10,2012,0,0,7566240.33
1,11,2012,6.0244,0,9020932.63
2,11,2012,0,0,8379695.72
3,11,2012,0,0,9365690.29
4,11,2012,0,0,9382453.29
5,11,2012,0,0,12513358.56
6,11,2012,0,0,8358677.22
7,11,2012,0,0,10050937.77
8,11,2012,0,0,7367156.66
9,11,2012,0,0,7965160.1
10,11,2012,0,0,14562538.89
11,11,2012,0,0,9329302.63
12,11,2012,0,0,6823969.07
13,11,2012,0,0,5763731.34
14,11,2012,0,0,13471945.21
15,11,2012,0,0,9425958.12
16,11,2012,0,0,10767034.59
17,11,2012,0,0,8075001.49
18,11,2012,0,0,7862990.95
19,11,2012,0,0,7891805.04
20,11,2012,7.6864,0,8490153.85
21,11,2012,0.54012,2.54,8220424.67
22,11,2012,0,0,8496210.24
23,11,2012,0,0,9217549.34
24,11,2012,0,0,6676938.25
25,11,2012,0,0,6271579.72
26,11,2012,0,0,9606181.89
27,11,2012,0,0,7643702.87
28,11,2012,0,0,5464809.79
29,11,2012,12.464,0,3026244.5
30,11,2012,11.052,1.524,8877392.56
1,12,2012,0.324,8.89,10211263.45
2,12,2012,0.018,12.192,12256548.03
3,12,2012,0,0,10740305.07
4,12,2012,0,0,7580894.07
5,12,2012,0,0,7955822.65
6,12,2012,0,0,8132691.35
7,12,2012,0,0,7920631.47
8,12,2012,0,0,8510345.92
9,12,2012,0,0,6458710.97
10,12,2012,0,0,6608677.47
11,12,2012,0,0,7057281.81
12,12,2012,0,0,7216918.79
13,12,2012,0,0,7328030.67
14,12,2012,0,0,7168862.41
15,12,2012,0,0,7097036.87
16,12,2012,0,0,4925853.04
17,12,2012,0,0,5130968.43
18,12,2012,0,0,5215067.1
19,12,2012,0,0,7285969
20,12,2012,0,0,7253553.15
21,12,2012,0,0,5777435.3
22,12,2012,0,0,4343995.86
23,12,2012,0,0,1036924.96
24,12,2012,0,0,3896859.36
25,12,2012,0,0,4882644.24
26,12,2012,0,0,2510649.86
27,12,2012,0,0,4728372.89
28,12,2012,0,0,5692103.15
29,12,2012,0,0,5628184.22
30,12,2012,0,0,3997289.3
31,12,2012,0,0,2857578.45
1,1,2013,0,0,5303556.95
2,1,2013,0,0,5608251.18
3,1,2013,0,0,5925021.18
4,1,2013,0,0,5396697.03
5,1,2013,0,0,5421958.7
6,1,2013,0,0,4575038.99
7,1,2013,0,0,6051724.25
8,1,2013,0,0,6023613.24
9,1,2013,0,0,5141810.72
10,1,2013,0,0,4514598.47
11,1,2013,0,0,4512760.59
12,1,2013,0,0,4394605.54
13,1,2013,0,0,4086950.96
14,1,2013,0,0,4504372.92
15,1,2013,0,0,4646334.14
16,1,2013,0,0,4708957.92
17,1,2013,0,0,4157641.7
18,1,2013,0,0,4927999.3
19,1,2013,0,0,4912876.83
20,1,2013,0,0,1710812.09
21,1,2013,0,0,5066210.73
22,1,2013,0,0,4226099.84
23,1,2013,0,0,4206129.8
24,1,2013,0,0,4521148.25
25,1,2013,0,0,4412145.63
26,1,2013,0,0,4173294.56
27,1,2013,0,0,3032103.53
28,1,2013,3.4755,0,2758505.33
29,1,2013,4.2907,0,3549955.44
30,1,2013,0.68651,0,3607114.9
31,1,2013,0,7.112,3743299.32
1,2,2013,0,0,3834383.59
2,2,2013,0,0,4095585.32
3,2,2013,0,0,3877518.39
4,2,2013,0,0,3762545.72
5,2,2013,0,0,4005282.25
6,2,2013,0,0,3837010.91
7,2,2013,0,0,4089269.9
8,2,2013,0,0,3496077.03
9,2,2013,0,0,3415814.49
10,2,2013,0,0,3048286.79
11,2,2013,0,0,3048595.16
12,2,2013,0,0,3172140.52
13,2,2013,0,0,2954147.6
14,2,2013,0,0,3113044.49
15,2,2013,0,0,3509361.61
16,2,2013,0,0,3238168.7
17,2,2013,0,0,2948818.96
18,2,2013,0,0,2534554.7
19,2,2013,0,0,2402054.28
20,2,2013,0,0,2022685.17
21,2,2013,0,0,1839242.03
22,2,2013,0,0,1712514.29
23,2,2013,0,0,1847839.38
24,2,2013,0,0,1233233.3
25,2,2013,0,0,3402887.62
26,2,2013,0,0,4193091.91
27,2,2013,0,0,2260561.79
28,2,2013,0,0,2074404.99
1,3,2013,0,0,1907194.44
2,3,2013,0,0,2567982.01
3,3,2013,0,0,2620219.89
4,3,2013,0,0,3579558.96
5,3,2013,0,0,1844200.62
6,3,2013,0,0,2292817.29
7,3,2013,0,0,2280901.88
8,3,2013,0,0,2421197.89
9,3,2013,0,0,2475643.7
10,3,2013,0,0,1887927.48
11,3,2013,0,0,2257650.78
12,3,2013,0,0,2481071.01
13,3,2013,0,0,2513832.24
14,3,2013,0,0,2668683.32
15,3,2013,0,0,2676367.9
16,3,2013,0,0,2797125.59
17,3,2013,0,0,2869382.85
18,3,2013,0,0,2752806.66
19,3,2013,0,0,2609143.24
20,3,2013,0,0,2215786.47
21,3,2013,0,0,2334027.86
22,3,2013,0,0,2304819.05
23,3,2013,0,0,2345536.23
24,3,2013,0,0,2334545.92
25,3,2013,0,0,2480207.58
26,3,2013,0,0,2535122.1
27,3,2013,0,0,2521627.83
28,3,2013,0,0,2464493.04
29,3,2013,0,0,2524107.13
30,3,2013,0,0,2628903.59
31,3,2013,0,0,2521492.15
1,4,2013,0,0,2449284.23
2,4,2013,0,0,2247819.94
3,4,2013,0,0,2325442.84
4,4,2013,0,0,2241011.13
5,4,2013,0,0,2185960.92
6,4,2013,0,0,2104847.28
7,4,2013,0,0,1930013.82
8,4,2013,0,0,1970077.25
9,4,2013,0,0,1804272.87
10,4,2013,0,0,1877023.52
11,4,2013,0,0,1935539.81
12,4,2013,0,0,2010671.08
13,4,2013,0,0,1770105.47
14,4,2013,0,0,1748568.91
15,4,2013,0,0,1640738.09
16,4,2013,0,0,1650901.97
17,4,2013,0,0,1641169.81
18,4,2013,0,0,1681849.98
19,4,2013,0,0,1687684.34
20,4,2013,0,0,1695800.64
21,4,2013,0,2.54,1647567.46
22,4,2013,15.964,0,1453902.88
23,4,2013,0.41985,11.43,1257391.01
24,4,2013,0,0,1568924.89
25,4,2013,0,0,1525753.09
26,4,2013,0,0,1610949.55
27,4,2013,0,0,1526604.19
28,4,2013,0,0,1535201.54
29,4,2013,0,0,1590264.09
30,4,2013,0,0,1611220.92
1,5,2013,1.4734,0,1541479.96
2,5,2013,0,0,1501465.86
3,5,2013,3.1106,0,1558218.28
4,5,2013,4.3384,13.462,1279967.81
5,5,2013,0,0,1466780.41
6,5,2013,1.4325,3.556,1532973.06
7,5,2013,3.9292,51.308,1783447.62
8,5,2013,21.815,13.97,1596692.58
9,5,2013,0,75.184,1367896.43
10,5,2013,0,10.668,6415637.85
11,5,2013,0,0,5208085.6
12,5,2013,0,0,3026972.25
13,5,2013,11.174,0,2192683.39
14,5,2013,23.902,0,2148364.45
15,5,2013,1.0641,78.232,3259697.04
16,5,2013,0,1.016,8317388.53
17,5,2013,0.45022,11.176,5150350.51
18,5,2013,0,0,3848506.94
19,5,2013,0,0,2794646.3
20,5,2013,1.5144,0,2218105.41
21,5,2013,0,52.07,2235166.49
22,5,2013,0,0,3433601.27
23,5,2013,1.9237,0,2860082.41
24,5,2013,0,0.508,2240435.51
25,5,2013,15.512,4.318,2733994.03
26,5,2013,0,0,2481909.78
27,5,2013,0.77765,0,2648824.29
28,5,2013,0,0,2401696.57
29,5,2013,3.9701,0,2249781.18
30,5,2013,12.32,4.064,1579319.01
31,5,2013,1.5144,18.542,1795122.5
1,6,2013,22.413,9.906,2881464.79
2,6,2013,15.136,0,3016981.07
3,6,2013,24.869,0,2404570.58
4,6,2013,17.132,0,3123381.05
5,6,2013,2.7018,9.398,2968865.07
6,6,2013,0.98248,5.842,3639578.04
7,6,2013,0,3.556,2658116.51
8,6,2013,7.8598,0,3871634.69
9,6,2013,0.12281,21.336,3326905.25
10,6,2013,17.439,9.906,4909170.22
11,6,2013,15.965,8.89,7104855.08
12,6,2013,3.3773,43.18,8302854.03
13,6,2013,17.746,2.54,6294900.72
14,6,2013,0,3.048,5819040.58
15,6,2013,0,0,5252059.16
16,6,2013,3.0088,0,4022958.02
17,6,2013,0,0,4102135.1
18,6,2013,24.685,0,4631125.33
19,6,2013,13.816,0,4322891.01
20,6,2013,2.0264,0,3989962.43
21,6,2013,0,0,5494820.36
22,6,2013,0,0.508,4648472.17
23,6,2013,0,0,4308224.94
24,6,2013,0,0,4475201.12
25,6,2013,16.457,0,4312492.78
26,6,2013,11.237,7.62,4366062.81
27,6,2013,8.9037,10.922,6105061.98
28,6,2013,0,31.242,7106121.45
29,6,2013,0,2.54,11261458.6
30,6,2013,0,5.08,16489263.43
1,7,2013,0,3.302,15711700.25
2,7,2013,0,0,13124325.88
3,7,2013,0,0,9027050.69
4,7,2013,0,0,7747845.59
5,7,2013,0,0,7116069.47
6,7,2013,0,0,6624860.73
7,7,2013,3.4657,0,5987237.91
8,7,2013,1.5995,0,5592548.98
9,7,2013,0,0,5883033.52
10,7,2013,16.04,0.762,5733319.89
11,7,2013,0,0,5899722.51
12,7,2013,13.374,0,6381877.5
13,7,2013,0,4.064,6756678.62
14,7,2013,4.4432,1.524,6182744.49
15,7,2013,0,0,7353625.38
16,7,2013,4.6653,0,6254459.02
17,7,2013,0,0,5762436.18
18,7,2013,0,0,6184742.73
19,7,2013,0,1.016,6505147.38
20,7,2013,0,0,6329368.26
21,7,2013,3.5101,0,5989260.82
22,7,2013,0,0,5955068.75
23,7,2013,5.4207,0,6819084.49
24,7,2013,49.986,0,6233304.84
25,7,2013,6.8869,2.54,8211062.56
26,7,2013,0,2.032,14151251.43
27,7,2013,12.752,2.54,15630087.05
28,7,2013,17.551,3.81,19686309.96
29,7,2013,31.458,11.938,25958942.25
30,7,2013,16.618,3.81,24000480.27
31,7,2013,1.7773,16.764,24275564.81
1,8,2013,4.613,0,34552192.42
2,8,2013,9.4545,4.826,23821078.83
3,8,2013,13.976,0.762,27672291.2
4,8,2013,0,0,16848387.02
5,8,2013,0,1.778,19174411.65
6,8,2013,6.0289,3.81,18861753.25
7,8,2013,10.048,0,13104614.87
8,8,2013,19.594,0.508,16888664.25
9,8,2013,13.793,29.21,12544283.96
10,8,2013,4.9328,21.844,22983239.59
11,8,2013,16.306,0,21919556.34
12,8,2013,27.587,3.81,22328609.15
13,8,2013,7.8559,43.688,22257180.37
14,8,2013,18.087,3.81,21111768.79
15,8,2013,14.068,3.81,21751093.81
16,8,2013,17.95,15.748,24224934.57
17,8,2013,4.9784,1.27,26433930.73
18,8,2013,3.9736,3.302,25975302.31
19,8,2013,9.0891,2.794,29127888.06
20,8,2013,6.5313,7.874,35142982.06
21,8,2013,6.714,14.224,37864818.09
22,8,2013,0.13702,29.464,44539782.77
23,8,2013,6.7597,4.826,44764915.48
24,8,2013,0,0.508,39654141.18
25,8,2013,4.1106,0,33390809.33
26,8,2013,0,0,27264089.5
27,8,2013,0,2.54,25385075.96
28,8,2013,0,5.842,26617484.89
29,8,2013,0,0,22999246.05
30,8,2013,1.4159,0,19118360.26
31,8,2013,4.2477,0,18974598.17
1,9,2013,0,1.27,17578605.12
2,9,2013,0,0,24302676.7
3,9,2013,0,0,16656765.9
4,9,2013,1.8207,0,19016043.1
5,9,2013,6.8506,0,10989418.69
6,9,2013,7.5603,8.128,12409084.28
7,9,2013,6.326,0,11905203.59
8,9,2013,2.407,9.144,18008968.35
9,9,2013,7.9306,0,19239882.71
10,9,2013,0.3703,3.048,17840931.37
11,9,2013,3.3636,0,25250717.1
12,9,2013,71.438,0,20728113.34
13,9,2013,25.643,3.556,19786318.47
14,9,2013,14.781,20.32,23937681.75
15,9,2013,10.091,7.62,21222048.07
16,9,2013,16.324,11.43,37124201.75
17,9,2013,0.55545,22.86,45950472.73
18,9,2013,0,6.096,44229953.15
19,9,2013,0,0,39551918.58
20,9,2013,62.365,0,33024576.78
21,9,2013,3.055,13.97,32115405.4
22,9,2013,23.082,0,22949795.84
23,9,2013,23.236,0,23422810.75
24,9,2013,7.8689,5.08,24641209.4
25,9,2013,2.7464,2.54,22920940.63
26,9,2013,9.5661,0,16259005.61
27,9,2013,18.855,2.032,20883387.91
28,9,2013,9.4736,7.62,33832937.9
29,9,2013,11.51,3.81,46630521.09
30,9,2013,0,0,45285404.98
1,10,2013,0.94087,0,42537396.57
2,10,2013,5.0662,0,29295742.07
3,10,2013,35.21,33.02,23313964.36
4,10,2013,0.86849,13.716,26940078.97
5,10,2013,0,8.382,25959345.19
6,10,2013,1.8455,0,21880960.75
7,10,2013,9.9877,0,26851934.49
8,10,2013,0,0,25533036
9,10,2013,0,0,18874587.61
10,10,2013,0,0,17099486.54
11,10,2013,1.4475,0,14392775.04
12,10,2013,1.737,3.302,12863298.9
13,10,2013,0,0,17885583.35
14,10,2013,0,0,16109002.1
15,10,2013,0,0,11661245.91
16,10,2013,0,0,14878359.11
17,10,2013,0,0,13459265.04
18,10,2013,4.053,0,11877487.29
19,10,2013,36.694,31.75,11917277.3
20,10,2013,27.936,43.18,7568242.68
21,10,2013,0,18.542,32131675
22,10,2013,1.7732,0,23910639.76
23,10,2013,0,0,22413306.05
24,10,2013,0,0,9836361.59
25,10,2013,27.104,0,11243848.61
26,10,2013,18.781,25.4,18973015.2
27,10,2013,64.051,71.628,52354663.89
28,10,2013,25.078,76.2,62536510.89
29,10,2013,3.2207,14.478,90925096.26
30,10,2013,0,0,121669196.7
31,10,2013,0,0,28209502.58
1,11,2013,0,0,42891787.71
2,11,2013,0,0,41072688.41
3,11,2013,0,0,35774743.79
4,11,2013,0,0,30294774.53
5,11,2013,0,0,25301881.85
6,11,2013,0,0,25277335.6
7,11,2013,0,0,24308720.76
8,11,2013,0,0,19605917.9
9,11,2013,1.458,0,20551010.28
10,11,2013,0,0,19181045.72
11,11,2013,0,0,15602436.54
12,11,2013,0,0,18252050.26
13,11,2013,0.138,0,13210570.8
14,11,2013,0,0,17092381.7
15,11,2013,0,0,14436773.27
16,11,2013,0,0,14203152.16
17,11,2013,4.308,0,11293274.16
18,11,2013,2.706,0,11835993.02
19,11,2013,4.41,0,12955117.09
20,11,2013,0,0,16378270.79
21,11,2013,0.006,0,15848022.41
22,11,2013,0,0,12724703.03
23,11,2013,0,0,11548370.16
24,11,2013,0,0,10907910.34
25,11,2013,0,0,8790641.92
26,11,2013,0,0,12453090.73
27,11,2013,0,0,9804093.75
28,11,2013,0,0,12296932.16
29,11,2013,0,0,11682017.71
30,11,2013,0,0,9312835.67
1,12,2013,0.95564,5.842,10548817.58
2,12,2013,0,8.382,10308556.24
3,12,2013,0,46.99,12653048.12
4,12,2013,0,0,12869945.3
5,12,2013,0,0,11234412.49
6,12,2013,0,0,7063399.87
7,12,2013,0,0,8515514.2
8,12,2013,0,0,7291137.28
9,12,2013,0.65119,0,9310615.41
10,12,2013,1.4208,0,7910985.65
11,12,2013,0,0,9656261.18
12,12,2013,0,0,8650950.31
13,12,2013,0,0,7176695.01
14,12,2013,2.1734,0,10851231.93
15,12,2013,0,7.62,9821029.43
16,12,2013,0,0,6652466.01
17,12,2013,0,0,5707608
18,12,2013,0,0,12073117.22
19,12,2013,0,0,8625787.31
20,12,2013,0,0,5183946.4
21,12,2013,0,0,6094316.31
22,12,2013,0,0,11572879.4
23,12,2013,0,0,6880339.11
24,12,2013,0,0,4682290.08
25,12,2013,0,0,5928289.9
26,12,2013,0,0,5731488.17
27,12,2013,0,0,8970569.64
28,12,2013,0,0,8524765.3
29,12,2013,0,0,6367285.43
30,12,2013,0,0,6005357.73
31,12,2013,0,0,7837556.59
1,1,2014,0,0,7051990.18
2,1,2014,0,0,6384319.79
3,1,2014,0,0,6686547.06
4,1,2014,0,0,7143058.01
5,1,2014,0,0,4939557
6,1,2014,0,0,4131109.54
7,1,2014,0,0,6085287.24
8,1,2014,0,0,7960078.16
9,1,2014,0,0,5698282.89
10,1,2014,0,0,2993668.29
11,1,2014,0,0,4234339.48
12,1,2014,0,0,1362255.31
13,1,2014,0,0,8937364.36
14,1,2014,0,0,5224712.91
15,1,2014,0,0,5821088.16
16,1,2014,0,0,5839689.03
17,1,2014,0,0,5286325.24
18,1,2014,0,0,5280305.85
19,1,2014,0,0,4947858.32
20,1,2014,0,0,4597550
21,1,2014,0,0,4511995.83
22,1,2014,0,0,5076411.61
23,1,2014,0,0,4964226.6
24,1,2014,0,0,5321898.8
25,1,2014,0,0,5122642.44
26,1,2014,0,0,5288101.45
27,1,2014,0,0,4808919.14
28,1,2014,0,0,5265257.4
29,1,2014,0,0,4722008.14
30,1,2014,0,0,4732344.7
31,1,2014,0,0,4440811.7
1,2,2014,0,0,4114025.84
2,2,2014,0,0,3583752.79
3,2,2014,0,0,3592041.78
4,2,2014,0,0,4197594.11
5,2,2014,0,0,4222868.12
6,2,2014,0,0,3251847.99
7,2,2014,0,0,3788929.86
8,2,2014,0,0,3857215.31
9,2,2014,0,0,4158912.18
10,2,2014,0,0,3499900.82
11,2,2014,0,0,3968228.51
12,2,2014,0,0,4021329.82
13,2,2014,0,0,3444024.18
14,2,2014,0,0,4455009.06
15,2,2014,0,0,3266131.69
16,2,2014,0,0,3649928.99
17,2,2014,0,0,3791643.51
18,2,2014,0,0,4147897.2
19,2,2014,0,0,3901250.54
20,2,2014,0,0,3756143.96
21,2,2014,0,0,3563129.01
22,2,2014,0,0,3359567.8
23,2,2014,0,0,3171462.1
24,2,2014,0,0,3249923.76
25,2,2014,0,0,3333381.02
26,2,2014,0,0,3139650.65
27,2,2014,0,0,3175347.56
28,2,2014,0,0,3219197.78
1,3,2014,0,0,3147026.86
2,3,2014,0,0,3357779.26
3,3,2014,0,0,343154.14
4,3,2014,0,0,3163074.44
5,3,2014,0,0,2516656.91
6,3,2014,0,0,2463629.6
7,3,2014,0,0,2159453.44
8,3,2014,0,0,2583893.9
9,3,2014,0,0,3262110.55
10,3,2014,0,0,2495971.45
11,3,2014,0,0,2293236.68
12,3,2014,0,0,2576678.05
13,3,2014,0,0,2750278.02
14,3,2014,0,0,2678970.54
15,3,2014,0,0,2367664.86
16,3,2014,0,0,2483661.32
17,3,2014,0,0,2445879.83
18,3,2014,0,0,2546001.4
19,3,2014,0,0,2487620.79
20,3,2014,0,0,2449999.65
21,3,2014,0,0,2553365.27
22,3,2014,0,0,2637833.98
23,3,2014,0,0,2551601.4
24,3,2014,0,0,2533987.3
25,3,2014,0,0,2194669.29
26,3,2014,0,0,2409738.86
27,3,2014,0,0,2278940.64
28,3,2014,0,0,2370045.48
29,3,2014,0,0,2525500.96
30,3,2014,0,0,2331042.84
31,3,2014,0,0,2082286.93
1,4,2014,0,0,2299502.76
2,4,2014,0,0,2341983.81
3,4,2014,0,0,1888667.57
4,4,2014,1.2803,0,1924709.86
5,4,2014,0,0,1868907.22
6,4,2014,3.3137,0,2037005.88
7,4,2014,0,3.81,1962386.5
8,4,2014,0,0,2136436.7
9,4,2014,0,0,2181199.69
10,4,2014,0,0,2025497.51
11,4,2014,0,0,2404718.6
12,4,2014,2.0635,0,2061021.73
13,4,2014,0,0,2127444.63
14,4,2014,0,0,2103823.49
15,4,2014,0.46693,0,1942311.62
16,4,2014,0,0,2257798.8
17,4,2014,0,0,1925647.3
18,4,2014,0,0,2163326.56
19,4,2014,0,0,2180743.3
20,4,2014,0,0,2034859.62
21,4,2014,0,0,1889000.61
22,4,2014,0,0,2022191.78
23,4,2014,0.022593,0,2198123.03
24,4,2014,2.5681,0,1995708.97
25,4,2014,0,0,1547807.71
26,4,2014,7.4935,0,2340947.68
27,4,2014,2.1916,0,1982757.43
28,4,2014,0,0,1976651.7
29,4,2014,0.81336,0,1901113.38
30,4,2014,0,0,1910352.15
1,5,2014,0,0,1911351.27
2,5,2014,0,33.274,2067495.45
3,5,2014,20.406,0,2193374.14
4,5,2014,0,29.464,1708028.54
5,5,2014,1.3628,0,2729567.89
6,5,2014,3.1099,0,2637303.59
7,5,2014,0,0,2568660.43
8,5,2014,0,0,2185257.84
9,5,2014,2.0267,0,2529497.44
10,5,2014,4.5775,0.254,2261488.96
11,5,2014,25.613,0,1805814.72
12,5,2014,0,4.826,1916521.61
13,5,2014,0,0,2263312.45
14,5,2014,1.5375,0,2485264.84
15,5,2014,0,0,1959629.68
16,5,2014,0,0,2293434.03
17,5,2014,0,5.334,2388455.17
18,5,2014,0,0,2473978.5
19,5,2014,3.1448,0,2109448.16
20,5,2014,9.155,0,1892528.36
21,5,2014,0,0,2301587.34
22,5,2014,4.6474,0,2637106.23
23,5,2014,0,0,2643470.99
24,5,2014,2.2713,0,2326960.02
25,5,2014,0,0,2493800.52
26,5,2014,0,0,2434272.78
27,5,2014,3.4943,0,2295925.66
28,5,2014,2.9002,0,3122924.66
29,5,2014,6.2198,0,2198184.71
30,5,2014,0,0,1892972.42
31,5,2014,1.2929,0,1828683.44
1,6,2014,0,0,1108528.48
2,6,2014,0,0,1670378.62
3,6,2014,0,0,1767613.84
4,6,2014,0,0,1763383.01
5,6,2014,0,0,1623136.33
6,6,2014,0,0,1706433.24
7,6,2014,9.7431,0,1402466.76
8,6,2014,0,0,1469481.73
9,6,2014,2.2306,0,2148426.12
10,6,2014,13.299,0,2632036.63
11,6,2014,0.46295,38.608,3338763.11
12,6,2014,19.276,0.508,6519266.62
13,6,2014,23.716,0,5954242.32
14,6,2014,0,1.778,5719291.11
15,6,2014,0,8.128,7986984.47
16,6,2014,5.7659,0,8231628.78
17,6,2014,6.5024,0,5143981.64
18,6,2014,2.9461,0,3633832.08
19,6,2014,2.1464,3.048,6901715.31
20,6,2014,2.1254,0,5036915.58
21,6,2014,21.128,15.494,7255171.06
22,6,2014,3.9772,22.098,11425817.75
23,6,2014,2.42,12.7,12217031.44
24,6,2014,0,3.81,11809935.76
25,6,2014,5.7659,0,10998127.06
26,6,2014,4.1035,0,12848544.42
27,6,2014,3.0092,11.684,8123029.09
28,6,2014,7.8071,0,6905267.74
29,6,2014,0,30.988,10115909.27
30,6,2014,0,8.128,8019400.32
1,7,2014,0,0,5472161.33
2,7,2014,0,0,7533479.1
3,7,2014,3.4266,0,3563647.07
4,7,2014,5.5389,3.81,6669444.86
5,7,2014,0.18776,0,4475373.81
6,7,2014,3.2858,0,10770796.7
7,7,2014,26.662,0,4278522.74
8,7,2014,27.037,0.508,6762200.5
9,7,2014,7.6981,41.91,7488759.28
10,7,2014,0,13.716,13945416.51
11,7,2014,0,0,15346329.09
12,7,2014,1.8306,0,14189398.85
13,7,2014,18.541,0,12811589.36
14,7,2014,4.647,0,11994852.91
15,7,2014,0,0,10006285.8
16,7,2014,1.7837,0,8339804.98
17,7,2014,4.0837,0.508,4825205.18
18,7,2014,0,0,2058678.12
19,7,2014,0,0,2786283.3
20,7,2014,2.9572,0,2166188.24
21,7,2014,3.2388,18.542,4182769.74
22,7,2014,3.3327,0,4238607.32
23,7,2014,4.647,12.954,3711498.15
24,7,2014,0,0,4186307.77
25,7,2014,13.706,0,3167329.94
26,7,2014,33.092,0,2981086.8
27,7,2014,0,0,3594545.74
28,7,2014,0,0,2463111.54
29,7,2014,0,0,1991330.11
30,7,2014,1.7368,0,1939338.93
31,7,2014,38.725,0,2665303.58
1,8,2014,3.2107,0,3485604.79
2,8,2014,4.9562,1.016,2839331.17
3,8,2014,4.0942,0,3471506.11
4,8,2014,3.4693,1.27,3475031.81
5,8,2014,10.559,18.542,3045094.13
6,8,2014,21.98,38.608,4104889.87
7,8,2014,1.1636,78.994,5046880.04
8,8,2014,0,0,4911211.63
9,8,2014,1.8101,0,4595934.15
10,8,2014,0,0,4086408.23
11,8,2014,1.4222,22.098,4386964.13
12,8,2014,0,9.906,3613596.84
13,8,2014,21.958,0,4917884.76
14,8,2014,21.549,52.578,7200963.73
15,8,2014,0,10.922,8341299.54
16,8,2014,2.5212,6.35,7180076.8
17,8,2014,17.907,0,7186488.84
18,8,2014,6.9602,50.038,5728760.12
19,8,2014,20.04,0,5134113.8
20,8,2014,3.8788,91.44,5066679.45
21,8,2014,0,18.542,9699965.43
22,8,2014,2.8875,7.366,9012012.52
23,8,2014,0,0,7245510.86
24,8,2014,0,0,6347808.78
25,8,2014,9.7615,0,5181405.43
26,8,2014,26.117,0,4488633.72
27,8,2014,4.0942,6.096,7584372.48
28,8,2014,11.442,3.302,8928867.74
29,8,2014,25.427,10.16,12472230.23
30,8,2014,10.494,4.826,11940816.21
31,8,2014,5.1286,0.508,8283143.02
1,9,2014,0,0,6292844.92
2,9,2014,12.758,0,10560068.98
3,9,2014,18.708,59.69,20866462.51
4,9,2014,2.4601,39.878,24253771.28
5,9,2014,0,0,24093749.86
6,9,2014,6.9799,0,26678568.88
7,9,2014,5.6068,0,35444343.84
8,9,2014,0,0,27555388.13
9,9,2014,10.355,0,4615188.77
10,9,2014,0,0,158058.13
11,9,2014,0,7.62,5316298.8
12,9,2014,0,0,6891021.04
13,9,2014,1.3445,0,2567611.97
14,9,2014,6.0073,7.62,7157687.08
15,9,2014,0,0,4497268.08
16,9,2014,5.1491,0,2061946.84
17,9,2014,10.699,0,5861743.66
18,9,2014,2.1455,0,1774360.98
19,9,2014,0,6.096,5512002.74
20,9,2014,0,0,4167854.91
21,9,2014,0,0,3274272.66
22,9,2014,0.25746,0,5308774.57
23,9,2014,0,0,2869382.85
24,9,2014,12.129,0,3684528.11
25,9,2014,0,15.24,3656651.46
26,9,2014,0.51491,0,3355867.36
27,9,2014,0,0,3376589.83
28,9,2014,0,0,4557030.19
29,9,2014,3.0036,0,2781250.7
30,9,2014,0,0,3965144.81
1,10,2014,2.2002,0,2556263.95
2,10,2014,24.657,0,3223576.63
3,10,2014,2.3846,15.748,6126403.24
4,10,2014,13.914,0,4667735.02
5,10,2014,7.8174,16.002,7383790.13
6,10,2014,4.0931,0,9443399.53
7,10,2014,1.9298,0,8043461.41
8,10,2014,0,0,8885249.83
9,10,2014,0,0,7642703.75
10,10,2014,1.0939,0,7012333.8
11,10,2014,0,0,12535770.9
12,10,2014,3.626,0,4215726.27
13,10,2014,0,16.256,5132851.54
14,10,2014,0,0,2245303.64
15,10,2014,0,0,3332246.22
16,10,2014,2.1387,0,1769735.43
17,10,2014,8.8253,0,3821691.08
18,10,2014,0,0,3409277.05
19,10,2014,0,0,1320267.65
20,10,2014,0,0,4158677.82
21,10,2014,1.9298,0,2939999.58
22,10,2014,5.2485,0,2500510.66
23,10,2014,0,0,2811594.31
24,10,2014,0,0,2533358.23
25,10,2014,0,0,2788651.58
26,10,2014,0,0,2593885.09
27,10,2014,0,0,1752775.08
28,10,2014,0,0,2767929.12
29,10,2014,0,0,3077150.22
30,10,2014,0,0,1522977.76
31,10,2014,0,0,1314519.64
1,11,2014,0,0,2852570.52
2,11,2014,2.1228,0,2248177.65
3,11,2014,10.499,0,829885.34
4,11,2014,0,0,4030149.2
5,11,2014,6.8287,0,2142924.8
6,11,2014,0,27.94,1544173.05
7,11,2014,0,0,1799030.58
8,11,2014,0,0,3215448
9,11,2014,0,0,2776094.76
10,11,2014,0,0,3070304.41
11,11,2014,0,0,1467471.16
12,11,2014,0,0,3026589.88
13,11,2014,0,0,994554.92
14,11,2014,0,0,2143948.59
15,11,2014,0,0,1638801.53
16,11,2014,0,0,1258149.6
17,11,2014,0,0,2453663.09
18,11,2014,2.1611,0,955576.96
19,11,2014,0,0,1884017.35
20,11,2014,0,0,2521553.82
21,11,2014,0,6.858,3827556.28
22,11,2014,0,0,4357144.75
23,11,2014,0,0,2506184.66
24,11,2014,0,0,3474713.16
25,11,2014,0,0,3034175.78
26,11,2014,0,0,4433805.53
27,11,2014,0,0,3727083.17
28,11,2014,0,0,6026228.21
29,11,2014,0,0,5052371.08
30,11,2014,0,0,6048911.91
1,12,2014,0,0,5491206.26
2,12,2014,0,0,6070633.49
3,12,2014,0,0,7166703.82
4,12,2014,0,0,4397356.2
5,12,2014,0,0,6634790.24
6,12,2014,0,0,8009849.08
7,12,2014,0,0,7264272.09
8,12,2014,0,0,7585778.65
9,12,2014,0,0,6823056.29
10,12,2014,0,0,8189197.07
11,12,2014,0,0,5742589.49
12,12,2014,0,0,10125267.28
13,12,2014,0,0,8311385.6
14,12,2014,0,0,9589320.22
15,12,2014,0,0,6830395.5
16,12,2014,0,0,11682597.45
17,12,2014,0,0,8317478.99
18,12,2014,0,0,10381584.42
19,12,2014,0,0,7870959.23
20,12,2014,0,0,8534078.08
21,12,2014,0,0,6160307.49
22,12,2014,0,0,7740876.43
23,12,2014,0,0,3473294.66
24,12,2014,0,0,5384510.24
25,12,2014,0,0,9455981.03
26,12,2014,0,0,7561664.12
27,12,2014,0,0,6582712.72
28,12,2014,0,0,6290994.7
29,12,2014,0,0,3628084.06
30,12,2014,0,0,9053188.13
31,12,2014,0,0,8480495.7
1,1,2015,0,0,10043906.94
2,1,2015,0,0,11722808.9
3,1,2015,0,0,8290527.45
4,1,2015,0,0,5625902.28
5,1,2015,0,0,2822633.96
6,1,2015,0,0,7389470.31
7,1,2015,0,0,6406127.72
8,1,2015,0,0,4551664.55
9,1,2015,0,0,3985127.18
10,1,2015,0,0,3802757.17
11,1,2015,0,0,2222545.94
12,1,2015,0,0,4057483.12
13,1,2015,0,0,2052634.07
14,1,2015,0,0,6724932.96
15,1,2015,0,0,6840756.73
16,1,2015,0,0,6452703.92
17,1,2015,0,0.508,8836173.77
18,1,2015,0,0,4321928.9
19,1,2015,0,0,3810158.05
20,1,2015,0,0,1855610.31
21,1,2015,0,0,1991576.81
22,1,2015,0,0,1425656.18
23,1,2015,0,0,979037.75
24,1,2015,0,0,7604120.5
25,1,2015,0,0,9672888.49
26,1,2015,0,0,7972474.63
27,1,2015,0,0,6240730.39
28,1,2015,0,0,9663452.36
29,1,2015,0,0,6178131.28
30,1,2015,0,0,6708897.72
31,1,2015,0,0,8804284.2
1,2,2015,0,0,4718344.7
2,2,2015,0,0,2603136.19
3,2,2015,0,0,9038892.1
4,2,2015,0,0,6122032.61
5,2,2015,0,0,5557444.14
6,2,2015,0,0,7339280.01
7,2,2015,0,0,5630342.81
8,2,2015,0,0,10056636.45
9,2,2015,0,0,4488448.7
10,2,2015,0,0,8653626.96
11,2,2015,0,0,8801866.58
12,2,2015,0,0,6737576.13
13,2,2015,0,0,3644131.64
14,2,2015,0,0,7061833.35
15,2,2015,0,0,8142756.55
16,2,2015,0,0,5216806.3
17,2,2015,0,0,8054340.7
18,2,2015,0,0,7898342.48
19,2,2015,0,0,9346238.31
20,2,2015,0,0,4885678.6
21,2,2015,0,0,4790342.93
22,2,2015,0,0,6716964.68
23,2,2015,0,0,3059153.75
24,2,2015,0,0,4715779.06
25,2,2015,0,0,5108297.07
26,2,2015,0,0,2833673.6
27,2,2015,0,0,2870061.26
